<application>
  <component name="AndroidLogcatFilterHistory">
    <option name="mostRecentlyUsed" value="" />
    <option name="nonFavorites">
      <list>
        <option value="tag:FirestoreService" />
        <option value="tag:FirestoreController" />
        <option value="tag:AuthService" />
        <option value="tag:MyTag" />
        <option value="package:mine " />
        <option value="level:error " />
        <option value="package:mine tag:MainActivity " />
        <option value="package:mine tag:M" />
        <option value="package:mine t" />
      </list>
    </option>
  </component>
</application>