<application>
  <component name="CachedDictionaryState">
    <words>
      <w>actividad</w>
      <w>actualiza</w>
      <w>actualización</w>
      <w>actualizar</w>
      <w>actualmente</w>
      <w>adicional</w>
      <w>agrega</w>
      <w>agregar</w>
      <w>agregará</w>
      <w>almacena</w>
      <w>almacenar</w>
      <w>almacenará</w>
      <w>aquí</w>
      <w>asíncrona</w>
      <w>autenticación</w>
      <w>autenticado</w>
      <w>authcurrent</w>
      <w>automáticamente</w>
      <w>borra</w>
      <w>buscar</w>
      <w>cambio</w>
      <w>carga</w>
      <w>cargar</w>
      <w>caso</w>
      <w>cerrar</w>
      <w>ciclo</w>
      <w>clase</w>
      <w>colección</w>
      <w>confirmación</w>
      <w>contiene</w>
      <w>contraseña</w>
      <w>controlador</w>
      <w>convierte</w>
      <w>crea</w>
      <w>cuenta</w>
      <w>cuya</w>
      <w>datos</w>
      <w>depuración</w>
      <w>desde</w>
      <w>devuelve</w>
      <w>documento</w>
      <w>documentos</w>
      <w>donde</w>
      <w>eficiente</w>
      <w>elimina</w>
      <w>eliminación</w>
      <w>eliminar</w>
      <w>eliminará</w>
      <w>encontró</w>
      <w>encuentra</w>
      <w>entrada</w>
      <w>errores</w>
      <w>especificada</w>
      <w>estado</w>
      <w>esto</w>
      <w>evitando</w>
      <w>excepciones</w>
      <w>exista</w>
      <w>existe</w>
      <w>extiende</w>
      <w>falla</w>
      <w>fallo</w>
      <w>firestore</w>
      <w>forma</w>
      <w>fragmento</w>
      <w>función</w>
      <w>garantizando</w>
      <w>gestionar</w>
      <w>guardarlo</w>
      <w>información</w>
      <w>informar</w>
      <w>iniciar</w>
      <w>innecesarias</w>
      <w>instancia</w>
      <w>interactuar</w>
      <w>inválido</w>
      <w>llamada</w>
      <w>loggear</w>
      <w>luego</w>
      <w>maneja</w>
      <w>manejar</w>
      <w>manejo</w>
      <w>mantenga</w>
      <w>mejor</w>
      <w>mientras</w>
      <w>métodos</w>
      <w>nombre</w>
      <w>nulo</w>
      <w>objeto</w>
      <w>obtener</w>
      <w>obtiene</w>
      <w>ocurre</w>
      <w>ofertante</w>
      <w>operaciones</w>
      <w>operador</w>
      <w>otra</w>
      <w>permite</w>
      <w>persistente</w>
      <w>privada</w>
      <w>proceder</w>
      <w>propietario</w>
      <w>proporciona</w>
      <w>puede</w>
      <w>realizar</w>
      <w>recomendable</w>
      <w>recomienda</w>
      <w>recreaciones</w>
      <w>referencia</w>
      <w>refleja</w>
      <w>reflejar</w>
      <w>registrarse</w>
      <w>registro</w>
      <w>relacionadas</w>
      <w>resetea</w>
      <w>responsable</w>
      <w>retorna</w>
      <w>sesion</w>
      <w>tipo</w>
      <w>usando</w>
      <w>usuario</w>
      <w>usuarios</w>
      <w>vacío</w>
      <w>verifica</w>
      <w>vincularse</w>
      <w>éxito</w>
      <w>única</w>
    </words>
  </component>
</application>