<application>
  <component name="CachedDictionaryState">
    <words>
      <w>actualiza</w>
      <w>actualización</w>
      <w>actualizar</w>
      <w>agrega</w>
      <w>agregar</w>
      <w>agregará</w>
      <w>almacena</w>
      <w>almacenar</w>
      <w>almacenará</w>
      <w>aquí</w>
      <w>asíncrona</w>
      <w>automáticamente</w>
      <w>buscar</w>
      <w>caso</w>
      <w>colección</w>
      <w>confirmación</w>
      <w>contiene</w>
      <w>controlador</w>
      <w>convierte</w>
      <w>cuya</w>
      <w>datos</w>
      <w>depuración</w>
      <w>desde</w>
      <w>devuelve</w>
      <w>documento</w>
      <w>documentos</w>
      <w>donde</w>
      <w>elimina</w>
      <w>eliminación</w>
      <w>eliminar</w>
      <w>eliminará</w>
      <w>encontró</w>
      <w>encuentra</w>
      <w>especificada</w>
      <w>excepciones</w>
      <w>existe</w>
      <w>fallo</w>
      <w>firestore</w>
      <w>forma</w>
      <w>información</w>
      <w>instancia</w>
      <w>interactuar</w>
      <w>inválido</w>
      <w>llamada</w>
      <w>loggear</w>
      <w>luego</w>
      <w>maneja</w>
      <w>manejar</w>
      <w>manejo</w>
      <w>mejor</w>
      <w>métodos</w>
      <w>nombre</w>
      <w>nulo</w>
      <w>objeto</w>
      <w>obtener</w>
      <w>obtiene</w>
      <w>ocurre</w>
      <w>operaciones</w>
      <w>operador</w>
      <w>otra</w>
      <w>proceder</w>
      <w>proporciona</w>
      <w>puede</w>
      <w>recomienda</w>
      <w>referencia</w>
      <w>relacionadas</w>
      <w>tipo</w>
      <w>usuario</w>
      <w>usuarios</w>
      <w>vacío</w>
      <w>verifica</w>
      <w>éxito</w>
    </words>
  </component>
</application>