<application>
  <component name="CachedDictionaryState">
    <words>
      <w>acceder</w>
      <w>acciones</w>
      <w>acción</w>
      <w>aceptar</w>
      <w>actividad</w>
      <w>actividades</w>
      <w>actualiza</w>
      <w>actualizacion</w>
      <w>actualización</w>
      <w>actualizada</w>
      <w>actualizado</w>
      <w>actualizar</w>
      <w>actualmente</w>
      <w>actúa</w>
      <w>adecuado</w>
      <w>adicional</w>
      <w>afirmación</w>
      <w>agrega</w>
      <w>agregado</w>
      <w>agregando</w>
      <w>agregar</w>
      <w>agregará</w>
      <w>agregarán</w>
      <w>ajuste</w>
      <w>alerta</w>
      <w>alineación</w>
      <w>almacena</w>
      <w>almacenamiento</w>
      <w>almacenar</w>
      <w>almacenará</w>
      <w>alterna</w>
      <w>ancho</w>
      <w>andalucía</w>
      <w>animación</w>
      <w>animado</w>
      <w>anteriores</w>
      <w>anuncio</w>
      <w>aparece</w>
      <w>aparición</w>
      <w>aplica</w>
      <w>aplicación</w>
      <w>aqui</w>
      <w>aquí</w>
      <w>asociadas</w>
      <w>asociados</w>
      <w>asíncrona</w>
      <w>autenticación</w>
      <w>autenticado</w>
      <w>authcurrent</w>
      <w>automáticamente</w>
      <w>añadir</w>
      <w>basada</w>
      <w>borra</w>
      <w>borrar</w>
      <w>boton</w>
      <w>botones</w>
      <w>botón</w>
      <w>buscan</w>
      <w>buscar</w>
      <w>busqueda</w>
      <w>básicas</w>
      <w>cada</w>
      <w>calabaza</w>
      <w>cambia</w>
      <w>cambiar</w>
      <w>cambio</w>
      <w>cambios</w>
      <w>cancelar</w>
      <w>cantidad</w>
      <w>capa</w>
      <w>carga</w>
      <w>cargar</w>
      <w>cargue</w>
      <w>cascada</w>
      <w>caso</w>
      <w>centrada</w>
      <w>centralizado</w>
      <w>cerrar</w>
      <w>ciclo</w>
      <w>clase</w>
      <w>clic</w>
      <w>clicable</w>
      <w>coinciden</w>
      <w>colección</w>
      <w>combinada</w>
      <w>combinar</w>
      <w>completa</w>
      <w>completo</w>
      <w>componente</w>
      <w>componer</w>
      <w>composición</w>
      <w>configuración</w>
      <w>confirmación</w>
      <w>confirmar</w>
      <w>consistencia</w>
      <w>consulta</w>
      <w>consumidor</w>
      <w>contador</w>
      <w>contenedor</w>
      <w>contenido</w>
      <w>contexto</w>
      <w>contiene</w>
      <w>contraseña</w>
      <w>contraseñas</w>
      <w>contraído</w>
      <w>controla</w>
      <w>controlador</w>
      <w>controlar</w>
      <w>convierte</w>
      <w>correo</w>
      <w>corrutina</w>
      <w>crea</w>
      <w>creación</w>
      <w>creadas</w>
      <w>crear</w>
      <w>criterio</w>
      <w>críticas</w>
      <w>cual</w>
      <w>cuando</w>
      <w>cuarta</w>
      <w>cuenta</w>
      <w>cumplen</w>
      <w>cuya</w>
      <w>datos</w>
      <w>debes</w>
      <w>defecto</w>
      <w>definir</w>
      <w>demandante</w>
      <w>demandantes</w>
      <w>dentro</w>
      <w>depuración</w>
      <w>desaparece</w>
      <w>descartar</w>
      <w>desconocido</w>
      <w>descripción</w>
      <w>desde</w>
      <w>deseas</w>
      <w>desplazamiento</w>
      <w>devolver</w>
      <w>devuelve</w>
      <w>dialogo</w>
      <w>dinámicamente</w>
      <w>diseño</w>
      <w>disponibilidad</w>
      <w>disponible</w>
      <w>disponibles</w>
      <w>diálogos</w>
      <w>documento</w>
      <w>documentos</w>
      <w>donde</w>
      <w>duración</w>
      <w>editar</w>
      <w>efecto</w>
      <w>eficiente</w>
      <w>eficientemente</w>
      <w>ejecutado</w>
      <w>ejemplo</w>
      <w>electrónico</w>
      <w>elimina</w>
      <w>eliminación</w>
      <w>eliminada</w>
      <w>eliminado</w>
      <w>eliminar</w>
      <w>eliminará</w>
      <w>encabezado</w>
      <w>encontró</w>
      <w>encuentra</w>
      <w>entrada</w>
      <w>envuelve</w>
      <w>errores</w>
      <w>espaciado</w>
      <w>espaciador</w>
      <w>espacio</w>
      <w>españa</w>
      <w>especificada</w>
      <w>especificado</w>
      <w>específica</w>
      <w>específico</w>
      <w>espera</w>
      <w>esquina</w>
      <w>estado</w>
      <w>estamos</w>
      <w>estar</w>
      <w>esto</w>
      <w>estructura</w>
      <w>estás</w>
      <w>estática</w>
      <w>esté</w>
      <w>eventos</w>
      <w>evitando</w>
      <w>evitar</w>
      <w>excepciones</w>
      <w>exista</w>
      <w>existe</w>
      <w>existente</w>
      <w>exito</w>
      <w>exitoso</w>
      <w>expandida</w>
      <w>expandido</w>
      <w>extiende</w>
      <w>falla</w>
      <w>fallo</w>
      <w>favoritos</w>
      <w>fecha</w>
      <w>filtrar</w>
      <w>firestore</w>
      <w>focuseado</w>
      <w>fondo</w>
      <w>forma</w>
      <w>formateo</w>
      <w>formato</w>
      <w>forzar</w>
      <w>foto</w>
      <w>fragmento</w>
      <w>fuego</w>
      <w>función</w>
      <w>garantizando</w>
      <w>gestionar</w>
      <w>guarda</w>
      <w>guardar</w>
      <w>guardarlo</w>
      <w>habitantes</w>
      <w>hace</w>
      <w>haya</w>
      <w>homónima</w>
      <w>icono</w>
      <w>identificador</w>
      <w>ignorar</w>
      <w>imagen</w>
      <w>imprime</w>
      <w>incluye</w>
      <w>indica</w>
      <w>indice</w>
      <w>información</w>
      <w>informar</w>
      <w>ingresar</w>
      <w>inicia</w>
      <w>inicial</w>
      <w>iniciales</w>
      <w>inicializa</w>
      <w>iniciar</w>
      <w>inicio</w>
      <w>innecesarias</w>
      <w>inscritos</w>
      <w>instancia</w>
      <w>integrado</w>
      <w>integrarse</w>
      <w>intenta</w>
      <w>intento</w>
      <w>interactuar</w>
      <w>invalido</w>
      <w>inválido</w>
      <w>itera</w>
      <w>lanza</w>
      <w>letras</w>
      <w>limitaciones</w>
      <w>limpia</w>
      <w>lista</w>
      <w>llamada</w>
      <w>localmente</w>
      <w>loggear</w>
      <w>luego</w>
      <w>lógica</w>
      <w>maneja</w>
      <w>manejar</w>
      <w>manejo</w>
      <w>mantener</w>
      <w>mantenga</w>
      <w>marcado</w>
      <w>mejor</w>
      <w>menos</w>
      <w>mensaje</w>
      <w>mensajes</w>
      <w>mientras</w>
      <w>mierda</w>
      <w>mostrar</w>
      <w>muestra</w>
      <w>municipio</w>
      <w>métodos</w>
      <w>naranja</w>
      <w>navega</w>
      <w>navegacion</w>
      <w>navegación</w>
      <w>navegar</w>
      <w>necesario</w>
      <w>nombre</w>
      <w>notificar</w>
      <w>nueva</w>
      <w>nuevamente</w>
      <w>nula</w>
      <w>nulo</w>
      <w>numero</w>
      <w>objeto</w>
      <w>objetos</w>
      <w>observa</w>
      <w>observación</w>
      <w>observar</w>
      <w>obtener</w>
      <w>obtenidas</w>
      <w>obtiene</w>
      <w>oculta</w>
      <w>ocupa</w>
      <w>ocupar</w>
      <w>ocurre</w>
      <w>ofertante</w>
      <w>ofertantes</w>
      <w>oficiales</w>
      <w>opcional</w>
      <w>operaciones</w>
      <w>operación</w>
      <w>operador</w>
      <w>operadores</w>
      <w>oscuro</w>
      <w>otra</w>
      <w>pantalla</w>
      <w>participa</w>
      <w>participadas</w>
      <w>participado</w>
      <w>participante</w>
      <w>participantes</w>
      <w>participar</w>
      <w>parámetro</w>
      <w>paseo</w>
      <w>perfil</w>
      <w>permite</w>
      <w>persistente</w>
      <w>personalizaciones</w>
      <w>personalizado</w>
      <w>pertenecen</w>
      <w>pila</w>
      <w>poblada</w>
      <w>posibles</w>
      <w>potenciales</w>
      <w>privada</w>
      <w>proceder</w>
      <w>proceso</w>
      <w>profundo</w>
      <w>propietario</w>
      <w>proporciona</w>
      <w>proporcional</w>
      <w>provincia</w>
      <w>proyecto</w>
      <w>publicacion</w>
      <w>publicaciones</w>
      <w>puede</w>
      <w>pueden</w>
      <w>puedes</w>
      <w>reaccionar</w>
      <w>realizar</w>
      <w>recarga</w>
      <w>recargar</w>
      <w>recibe</w>
      <w>recomendable</w>
      <w>recomienda</w>
      <w>recopilar</w>
      <w>recreaciones</w>
      <w>redirige</w>
      <w>referencia</w>
      <w>refleja</w>
      <w>reflejar</w>
      <w>refrescar</w>
      <w>registra</w>
      <w>registrado</w>
      <w>registrarse</w>
      <w>registro</w>
      <w>relacionadas</w>
      <w>relacionados</w>
      <w>repetir</w>
      <w>repita</w>
      <w>repositorio</w>
      <w>resaltar</w>
      <w>reservado</w>
      <w>resetea</w>
      <w>responsable</w>
      <w>respuesta</w>
      <w>restante</w>
      <w>restringe</w>
      <w>retorna</w>
      <w>rojo</w>
      <w>rutas</w>
      <w>seguridad</w>
      <w>seguro</w>
      <w>según</w>
      <w>selecciona</w>
      <w>seleccionada</w>
      <w>seleccionar</w>
      <w>semitransparente</w>
      <w>serializa</w>
      <w>serializar</w>
      <w>servicio</w>
      <w>servicios</w>
      <w>sesion</w>
      <w>sevilla</w>
      <w>sistema</w>
      <w>subirlo</w>
      <w>superficie</w>
      <w>tamaño</w>
      <w>tanto</w>
      <w>tarjeta</w>
      <w>tema</w>
      <w>tener</w>
      <w>tengo</w>
      <w>texto</w>
      <w>tiene</w>
      <w>tipo</w>
      <w>titulo</w>
      <w>tras</w>
      <w>través</w>
      <w>unfocuseado</w>
      <w>usando</w>
      <w>usar</w>
      <w>usuario</w>
      <w>usuarios</w>
      <w>utiliza</w>
      <w>vacía</w>
      <w>vacío</w>
      <w>vacíos</w>
      <w>validaciones</w>
      <w>validando</w>
      <w>validar</w>
      <w>ventana</w>
      <w>verifica</w>
      <w>verificar</w>
      <w>vincularse</w>
      <w>visibilidad</w>
      <w>volver</w>
      <w>vuelta</w>
      <w>válidas</w>
      <w>válido</w>
      <w>éxito</w>
      <w>única</w>
      <w>único</w>
    </words>
  </component>
</application>