<application>
  <component name="StudioBotSettings">
    <option name="acceptedTermsVersion" value="3" />
    <option name="contextSharingModeV2" value="AlwaysShare" />
    <option name="onboardedVersion" value="3" />
    <option name="queryHistory">
      <list>
        <historyEntry timestamp="1731332648753">el texto &quot;OK&quot; y el &quot;Cancelar&quot; Quiero cambiar el color de las letras
confirmButton = {
                TextButton(onClick = {
                    val cal = Calendar.getInstance().apply {
                        set(Calendar.HOUR_OF_DAY, timePickerState.hour)
                        set(Calendar.MINUTE, timePickerState.minute)
                    }
                    selectedTime = timeFormatter.format(cal.time)
                    showTimePicker = false
                }) {
                    Text(&quot;OK&quot;)
                }
            },
            dismissButton = {
                TextButton(onClick = { showTimePicker = false }) {
                    Text(&quot;Cancelar&quot;)
                }
            }</historyEntry>
        <historyEntry timestamp="1731332372172">como se llama a aguja que seleciona la hora en TimePicker</historyEntry>
        <historyEntry timestamp="1731331282047">el campo donde seleccionas si la hora es am o pm como se llama para cambiarla de color</historyEntry>
        <historyEntry timestamp="1731330561565">que colores puedo cambiar en el TimePicker</historyEntry>
        <historyEntry timestamp="1731330369960">Entonces el reloj q se muetra en la pantalla es el TimePicker?</historyEntry>
        <historyEntry timestamp="1731330174439">Explica detalladamente que hace este codigo y como funciona 
 if (showTimePicker) {
        val timePickerState = rememberTimePickerState()
        AlertDialog(onDismissRequest = { showTimePicker = false },
            title = { Text(&quot;Selecciona la hora&quot;) },
            text = {
                Column {
                    TimePicker(state = timePickerState)
                }
            },
            confirmButton = {
                TextButton(onClick = {
                    val cal = Calendar.getInstance().apply {
                        set(Calendar.HOUR_OF_DAY, timePickerState.hour)
                        set(Calendar.MINUTE, timePickerState.minute)
                    }
                    selectedTime = timeFormatter.format(cal.time)
                    showTimePicker = false
                }) {
                    Text(&quot;OK&quot;)
                }
            },
            dismissButton = {
                TextButton(onClick = { showTimePicker = false }) {
                    Text(&quot;Cancelar&quot;)
                }
            })
    }</historyEntry>
        <historyEntry timestamp="1731329290075">Aqui quiero poner todo el outlinedTextField como clickable
@OptIn(ExperimentalMaterial3Api::class)
@Composable
fun DatePickerField(modifier: Modifier) {
    var selectedDate by remember { mutableStateOf(&quot;&quot;) }
    var showDatePicker by remember { mutableStateOf(false) }
    val dateFormatter = SimpleDateFormat(&quot;dd/MM/yyyy&quot;, Locale.getDefault())

    OutlinedTextField(
        value = selectedDate,
        onValueChange = {},
        readOnly = true,
        label = { Text(&quot;Fecha&quot;) },
        leadingIcon = {
            IconButton(onClick = { showDatePicker = true }) {
                Icon(Icons.Filled.CalendarToday, contentDescription = &quot;Seleccionar Fecha&quot;)
            }
        },
        colors = myTextFieldColors(),
        modifier = modifier

    )

    if (showDatePicker) {
        val datePickerState = rememberDatePickerState()
        DatePickerDialog(onDismissRequest = { showDatePicker = false }, confirmButton = {
            TextButton(onClick = {
                selectedDate = datePickerState.selectedDateMillis?.let {
                    dateFormatter.format(java.util.Date(it))
                } ?: &quot;&quot;
                showDatePicker = false
            }) {
                Text(&quot;OK&quot;)
            }
        }, dismissButton = {
            TextButton(onClick = { showDatePicker = false }) {
                Text(&quot;Cancelar&quot;)
            }
        }) {
            DatePicker(state = datePickerState)
        }
    }
}</historyEntry>
        <historyEntry timestamp="1731327371156">y aqui 
    fun registrarse(
        email: String,
        password: String,
        name: String,
        esOfertante: Boolean,
        onSuccess: () -&gt; Unit, onError: (Exception) -&gt; Unit
    ) {
        autService.registrarse(email, password, name, esOfertante, onSuccess, onError = {
            exception -&gt;
            onError(exception!!)
        })
    }</historyEntry>
        <historyEntry timestamp="1731327200660">necesito que aqui me muestre un error mas especifico 
StandardButton(text = &quot;Registrarse&quot;, icon = Icons.Filled.AccountBox, onClick = {
                if ((password != repeatPassword) || (password.isEmpty())) {
                    errorMessage = &quot;Las contraseñas no coinciden&quot;
                } else {
                    dataRepository.registrarse(email, password, name, esOfertante, onSuccess = {
                        navToLogIn()
                    }, onError = {
                        errorMessage = &quot;Error al registrarse&quot;
                    })
                }
            })</historyEntry>
        <historyEntry timestamp="1731326491517">escribe el cofigo entero</historyEntry>
        <historyEntry timestamp="1731326396645">como tengo q llamar al metodo aqui 
    // Función para registrarse
    fun registrarse(
        email: String,
        password: String,
        name: String,
        esOfertante: Boolean,
        onSuccess: () -&gt; Unit, onError: () -&gt; Unit
    ) {
       /* autService.registrarse(email, password, name, esOfertante, onSuccess, onError)*/
    }</historyEntry>
        <historyEntry timestamp="1731326303325">y como seria la llamada aste metodo</historyEntry>
        <historyEntry timestamp="1731326206925">Necesito que onErro mande un mensaje de error para saber que error ha dado exactametne 
    fun registrarse(
        email: String,
        password: String,
        name: String,
        esOfertante: Boolean,
        onSuccess: () -&gt; Unit,
        onError: () -&gt; Unit
    ) {
        firebaseAuth.createUserWithEmailAndPassword(email, password)
            .addOnCompleteListener { task -&gt;
                if (task.isSuccessful) {
                    _userAuthCurrent.value = firebaseAuth.currentUser
                    val uid = obtenerUidUsuario() ?: return@addOnCompleteListener
                    val tipoUsuario =
                        if (esOfertante) TipoUsuario.OFERTANTE else TipoUsuario.DEMANDANTE
                    val nuevoUsuario =
                        Usuario(uid = uid, name = name, email = email, type = tipoUsuario)
                    firestoreController.agregarDocumentoUsuarioFirestore(nuevoUsuario)
                    onSuccess()
                } else {
                    // Manejo de errores en el registro
                    _userAuthCurrent.value = null
                    onError()
                }
            }
    }</historyEntry>
        <historyEntry timestamp="1731326111117">y este error que dice 
2024-11-11 12:54:37.224  4708-4708  RecaptchaCallWrapper    com.proyecto.proyectointegradomra    E  Initial task failed for action RecaptchaAction(action=signUpPassword)with exception - The email address is badly formatted.</historyEntry>
        <historyEntry timestamp="1731325918972">Traduce al español</historyEntry>
        <historyEntry timestamp="1731325885096">Explain: onError
com.google.android.apps.gsa.shared.speech.b.l: errorCode: 65561, engine: 2
at com.google.android.apps.gsa.staticplugins.bp.a.f.a(PG:23)
at com.google.android.apps.gsa.s3.o.hi(PG:13)
at com.google.ci.g.a.f.e(PG:9) with tag A</historyEntry>
        <historyEntry timestamp="1731072692976">Como para que al pulsar los icono incremente o decremente el valor de las plazas
@Composable
fun Contador(plazas: Int, onValueChange: (Int) -&gt; Unit) {
    Row {
        IconButton(
            onClick = {  },
            modifier = Modifier.padding(8.dp)
        ) {
            Icon(
                Icons.Filled.ArrowCircleDown,
                contentDescription = &quot;-&quot;,
                tint = ColorDeLetras,
                modifier = Modifier.size(32.dp)
            )
        }
        OutlinedTextField(
            value = plazas.toString(),
            onValueChange = { onValueChange(it.toIntOrNull() ?: 0) },
            colors = myTextFieldColors(),
            modifier = Modifier
                .padding(8.dp)
                .height(60.dp)
                .width(100.dp),
            textStyle = TextStyle(
                textAlign = TextAlign.Center,
                fontSize = 20.sp,
                fontWeight = FontWeight.Bold
            ),
            keyboardOptions = KeyboardOptions(keyboardType = KeyboardType.Number),
        )
        IconButton(
            onClick = { /*TODO*/ },
            modifier = Modifier.padding(8.dp)
        ) {
            Icon(
                Icons.Filled.ArrowCircleUp,
                contentDescription = &quot;+&quot;,
                tint = ColorDeLetras,
                modifier = Modifier.size(32.dp)
            )
        }
    }
}</historyEntry>
        <historyEntry timestamp="1731069442991">y si quieo cambiar el tamaño '</historyEntry>
        <historyEntry timestamp="1731069429535">A partir de ahora solo necesito que me muestres un ejemplo de como seria.</historyEntry>
        <historyEntry timestamp="1731069065085">como le puedo cambier el color a este icono ?
IconButton(
            onClick = { /*TODO*/ },
            modifier = Modifier.padding(8.dp)
        ) { Icon(Icons.Filled.ArrowCircleDown, contentDescription = &quot;-&quot;) }</historyEntry>
        <historyEntry timestamp="1731066115219">me muetra el siguiente error 
@Composable invocations can only happen from the context of a @Composable functio</historyEntry>
        <historyEntry timestamp="1731066017983">quiero que la varible colorsView la puedan usar todas las funciones de mi fichero 
@Composable
fun TextArea(label: String, value: String, onValueChange: () -&gt; Unit) {
    val colorsView = TextFieldDefaults.colors(
        focusedContainerColor = ColorContainer,
        unfocusedContainerColor = ColorContainer,
        focusedIndicatorColor = ColorFocuseado,
        unfocusedIndicatorColor = ColorUnfocuseado,
        focusedTextColor = ColorDeLetras,
        unfocusedTextColor = ColorUnfocuseado,
        focusedLabelColor = ColorFocuseado,
        unfocusedLabelColor = ColorUnfocuseado,
        focusedTrailingIconColor = ColorFocuseado,
        unfocusedTrailingIconColor = ColorUnfocuseado,
        cursorColor = ColorFocuseado
    )
    OutlinedTextField(
        value = value,
        onValueChange = { onValueChange() },
        modifier = Modifier.height(120.dp),
        label = { Text(label) },
        colors = colorsView,
    )
}</historyEntry>
        <historyEntry timestamp="1731065536202">como hago para que estos dos componentes ajusten su tamaño para que quepan bien en la fila 
        Row() {
            DatePickerField()
            TimePickerField()
        }</historyEntry>
        <historyEntry timestamp="1731063763856">Dime la libreria para poner en libs.versions.toml de DatePickerDialog</historyEntry>
        <historyEntry timestamp="1731063690644">[libraries]
#LiveData
androidx-runtime-livedata = { group = &quot;androidx.compose.runtime&quot;, name = &quot;runtime-livedata&quot;, version.ref = &quot;runtimeLivedata&quot; }
la libreria como esta</historyEntry>
        <historyEntry timestamp="1731063643265">dime la libreria</historyEntry>
        <historyEntry timestamp="1731063601640">dime una biblioteca para que funcione esto 
fun DatePickerField() {
    var selectedDate by remember { mutableStateOf(&quot;&quot;) }
    var showDatePicker by remember { mutableStateOf(false) }
    val dateFormatter = SimpleDateFormat(&quot;dd/MM/yyyy&quot;, Locale.getDefault())

    OutlinedTextField(
        value = selectedDate,
        onValueChange = {},
        readOnly = true,
        label = { Text(&quot;Fecha&quot;) },
        leadingIcon = { Icon(Icons.Filled.CalendarToday, contentDescription = &quot;Fecha&quot;) },
        modifier = Modifier.fillMaxWidth().padding(vertical = 8.dp),
        trailingIcon = {
            IconButton(onClick = { showDatePicker = true }) {
                Icon(Icons.Filled.CalendarToday, contentDescription = &quot;Seleccionar Fecha&quot;)
            }
        }
    )</historyEntry>
        <historyEntry timestamp="1731063559646">y si quiero usar algo mas estable que obciones tengo ?</historyEntry>
        <historyEntry timestamp="1731063495867">tengo esta etiqueta en mis funciones que puedo hacer para no ponerlas mas @OptIn(ExperimentalMaterial3Api::class)</historyEntry>
        <historyEntry timestamp="1731062365191">seria posible hacer que un dialog al aparecer ocupe gran parte de la pantalla para asi poder rellenar un cuentionario ?</historyEntry>
        <historyEntry timestamp="1730981076703">porq aqui me da error el add 
                        miUsuario?.ad.add(miPublicacion);</historyEntry>
        <historyEntry timestamp="1730978116496">package com.proyecto.proyectointegradomra.data.model

import java.util.Date

data class Publicaciones(
    var uid: String = &quot;&quot;,
    var title: String = &quot;&quot;,
    var description: String = &quot;&quot;,
    var date: Date = Date(),
    var plazas: Int = 0
)
Esta bien creada est data class ?</historyEntry>
        <historyEntry timestamp="1730977471491">que diferencias hay entre List y ListOf
y que es mejor para usar si quiero una lista de objetos</historyEntry>
        <historyEntry timestamp="1730974781808">los item se ponen encima del logo y deberian de empezar a aparecer por debajo del logo 
fun HomeViewPreview() {
    Scaffold(bottomBar = { BottomNavigationBar(navController = rememberNavController()) }) { innerPadding -&gt;
        Box(
            modifier = Modifier
                .padding(innerPadding)
                .background(ColorDeFondo)
                .fillMaxSize()
        ) {
            Column(modifier = Modifier.align(Alignment.TopCenter)) {
                Logo()
            }
            LazyColumn(modifier = Modifier.align(Alignment.Center)) {
                item {
                    ClickableElevatedCardSample()
                }
                item {
                    ClickableElevatedCardSample()
                }
                item {
                    ClickableElevatedCardSample()
                }
                item {
                    ClickableElevatedCardSample()
                }
                item {
                    ClickableElevatedCardSample()
                }
                item {
                    ClickableElevatedCardSample()
                }
                item {
                    ClickableElevatedCardSample()
                }
                item {
                    ClickableElevatedCardSample()
                }
                item {
                    ClickableElevatedCardSample()
                }
                item {
                    ClickableElevatedCardSample()
                }
            }
            Box(
                modifier = Modifier
                    .align(Alignment.BottomEnd)
                    .padding(256.dp, 0.dp, 0.dp, 0.dp)
            ) {
                StandardButton(
                    text = &quot;&quot;,
                    icon = Icons.Filled.Add,
                    onClick = {}
                )
            }
        }
    }
}</historyEntry>
        <historyEntry timestamp="1730973723408">como funciona una lazycolumn</historyEntry>
        <historyEntry timestamp="1730973442368">quiero que esta caja permanezca centrada abajo a la derecha siempre.
fun HomeViewPreview() {
    Scaffold(bottomBar = { BottomNavigationBar(navController = rememberNavController()) }) { innerPadding -&gt;
        Column(
            modifier = Modifier
                .padding(innerPadding)
                .background(ColorDeFondo)
                .fillMaxSize(),
            horizontalAlignment = Alignment.CenterHorizontally
        ) {
            Logo()

//            Spacer(modifier = Modifier.weight(1f))
            Box() {
                StandardButton(
                    text = &quot;&quot;,
                    icon = Icons.Filled.Add,
                    onClick = {})
            }
        }
    }
}</historyEntry>
        <historyEntry timestamp="1730969385333">que es el weight y el height</historyEntry>
        <historyEntry timestamp="1730898362638">Porq mi dialog no funciona correctamente 
package com.proyecto.proyectointegradomra.ui.profile

import androidx.compose.foundation.background
import androidx.compose.foundation.layout.Column
import androidx.compose.foundation.layout.Row
import androidx.compose.foundation.layout.Spacer
import androidx.compose.foundation.layout.fillMaxSize
import androidx.compose.foundation.layout.fillMaxWidth
import androidx.compose.foundation.layout.padding
import androidx.compose.material.icons.Icons
import androidx.compose.material.icons.automirrored.filled.ExitToApp
import androidx.compose.material.icons.filled.DeleteForever
import androidx.compose.material.icons.filled.Edit
import androidx.compose.material3.AlertDialog
import androidx.compose.material3.Button
import androidx.compose.material3.Icon
import androidx.compose.material3.IconButton
import androidx.compose.material3.OutlinedTextField
import androidx.compose.material3.Scaffold
import androidx.compose.material3.Text
import androidx.compose.runtime.Composable
import androidx.compose.runtime.LaunchedEffect
import androidx.compose.runtime.getValue
import androidx.compose.runtime.livedata.observeAsState
import androidx.compose.runtime.mutableStateOf
import androidx.compose.runtime.remember
import androidx.compose.runtime.setValue
import androidx.compose.ui.Alignment
import androidx.compose.ui.Modifier
import androidx.compose.ui.graphics.Color
import androidx.compose.ui.unit.dp
import androidx.navigation.NavHostController
import com.proyecto.proyectointegradomra.repository.DataRepository
import com.proyecto.proyectointegradomra.ui.theme.ColorDeFondo
import com.proyecto.proyectointegradomra.ui.common.BottomNavigationBar
import com.proyecto.proyectointegradomra.ui.common.FotoPerfil
import com.proyecto.proyectointegradomra.ui.common.StandardButton
import com.proyecto.proyectointegradomra.ui.common.StandardFieldText

@Composable
fun ProfileView(
    dataRepository: DataRepository,
    navTo: NavHostController,
) {
    val miUsuario by dataRepository.usuario.observeAsState()
    var showDialog by remember { mutableStateOf(false) }
    val newName by remember { mutableStateOf(&quot;&quot;) }

    LaunchedEffect(Unit) {
        dataRepository.cargarUsuario()
    }

    Scaffold(bottomBar = { BottomNavigationBar(navController = navTo) }) { innerPadding -&gt;
        Column(
            modifier = Modifier
                .padding(innerPadding)
                .background(ColorDeFondo)
                .fillMaxSize(),
            horizontalAlignment = Alignment.CenterHorizontally
        ) {
            Row(modifier = Modifier.padding(8.dp), verticalAlignment = Alignment.CenterVertically) {
                FotoPerfil()
                StandardFieldText(
                    value = miUsuario?.name ?: &quot;Email no disponible&quot;,
                    label = &quot;Nombre&quot;,
                    onValueChange = {},
                    modifier = Modifier.weight(1f) // Restringe el ancho
                )
                IconButton(onClick = { showDialog = true }) {
                    Icon(
                        imageVector = Icons.Filled.Edit,
                        contentDescription = &quot;Editar nombre&quot;,
                        tint = Color.DarkGray
                    )
                }
            }

            // Dialogo para editar el nombre
            Extracted(showDialog, newName, dataRepository)

            Spacer(modifier = Modifier.weight(1f))
            Column(
                modifier = Modifier
                    .fillMaxWidth()
                    .padding(8.dp),
                horizontalAlignment = Alignment.CenterHorizontally
            ) {
                StandardFieldText(
                    label = &quot;UID&quot;,
                    value = miUsuario?.uid ?: &quot;Error&quot;,
                    onValueChange = {},
                    modifier = Modifier
                )
                StandardFieldText(
                    label = &quot;Email&quot;,
                    value = miUsuario?.email ?: &quot;Email no disponible&quot;,
                    onValueChange = {},
                    modifier = Modifier
                )
                StandardFieldText(
                    label = &quot;Tipo&quot;,
                    value = miUsuario?.type.toString(),
                    onValueChange = {},
                    modifier = Modifier
                )

                Spacer(modifier = Modifier.weight(1f))
                StandardButton(
                    text = &quot;Cerrar Sesión&quot;,
                    icon = Icons.AutoMirrored.Filled.ExitToApp,
                    onClick = {
                        navTo.navigate(&quot;StartView&quot;)
                        dataRepository.cerrarSesion()
                    })
                StandardButton(
                    text = &quot;Borrar Cuenta&quot;,
                    icon = Icons.Filled.DeleteForever,
                    onClick = {
                        dataRepository.eliminarCuenta()
                        navTo.navigate(&quot;StartView&quot;)
                    })
            }
        }
    }
}

@Composable
private fun Extracted(showDialog: Boolean, newName: String, dataRepository: DataRepository) {
    var showDialog1 = showDialog
    var newName1 = newName
    if (showDialog1) {
        AlertDialog(
            onDismissRequest = { showDialog1 = false },
            title = { Text(&quot;Editar nombre&quot;) },
            text = {
                OutlinedTextField(
                    value = newName1,
                    onValueChange = { newName1 = it },
                    label = { Text(&quot;Nuevo nombre&quot;) }
                )
            },
            confirmButton = {
                Button(
                    onClick = {
                        if (newName1.isNotBlank()) {
                            dataRepository.actualizarNombreUsuario(newName)
                            newName1 = &quot;&quot;
                            showDialog1 = false
                        }
                    }
                ) {
                    Text(&quot;Guardar&quot;)
                }
            },
            dismissButton = {
                Button(
                    onClick = { showDialog1 = false }
                ) {
                    Text(&quot;Cancelar&quot;)
                }
            }
        )
    }
}</historyEntry>
        <historyEntry timestamp="1730897405387">dame el color gris de los componenes cuando se desactivan</historyEntry>
        <historyEntry timestamp="1730897281821">quiero cambiar el color de este icono que sea de un gris clarito 
                IconButton(onClick = { showDialog = true }) {
                    Icon(imageVector = Icons.Filled.Edit, contentDescription = &quot;Editar nombre&quot;)
                }</historyEntry>
        <historyEntry timestamp="1730896974641">Row(modifier = Modifier.padding(8.dp), verticalAlignment = Alignment.CenterVertically) {
                FotoPerfil()
                StandardFieldText(
                    value = miUsuario?.name ?: &quot;Email no disponible&quot;,
                    label = &quot;Nombre&quot;,
                    onValueChange = {})
                IconButton(onClick = { showDialog = true }) {
                    Icon(imageVector = Icons.Filled.Edit, contentDescription = &quot;Editar nombre&quot;)
                }

            }
El campo StandardFieldText no respeta el espacio de IconButton</historyEntry>
        <historyEntry timestamp="1730895015982">Quiero que este campo no sea clicable 
@Composable
fun StandardFieldText(
    label: String,
    value: String,
) {
    OutlinedTextField(
        value = value,
        onValueChange = onValueChange,
        label = { Text(text = label) },
        modifier = Modifier
            .fillMaxWidth()
            .padding(vertical = 8.dp),
        singleLine = true,
        colors = TextFieldDefaults.colors(
            focusedContainerColor = ColorContainer,
            unfocusedContainerColor = ColorContainer,
            focusedIndicatorColor = ColorFocuseado,
            unfocusedIndicatorColor = ColorUnfocuseado,
            focusedTextColor = ColorDeLetras,
            unfocusedTextColor = ColorUnfocuseado,
            focusedLabelColor = ColorFocuseado,
            unfocusedLabelColor = ColorUnfocuseado,
            focusedTrailingIconColor = ColorFocuseado,
            unfocusedTrailingIconColor = ColorUnfocuseado,
            cursorColor = ColorFocuseado
        )
    )
}</historyEntry>
        <historyEntry timestamp="1730892849912">y para que solo tenga la linea de ariba ?</historyEntry>
        <historyEntry timestamp="1730892660451">Como le pongo bordes a un box</historyEntry>
        <historyEntry timestamp="1730891382764">Quiero darle una senaciuon de flotabilidad a mi box 
@Composable
fun CajaTexto(s: String) {
    Box(
        modifier = Modifier
            .fillMaxWidth()
            .height(64.dp),
        contentAlignment = Alignment.Center
    ) {
        Text(
            text = s, style = TextStyle(
                fontWeight = FontWeight.Bold, fontSize = 16.sp
            )
        )
    }
}</historyEntry>
        <historyEntry timestamp="1730890275751">Como cambio los bordes a un ExtendedFloatingActionButton</historyEntry>
        <historyEntry timestamp="1730889805972">Dime los tipos de botones q hay</historyEntry>
        <historyEntry timestamp="1730885637801">Porq me sale este error:Cannot find a parameter with this name: backgroundColor
En este codigo
Card(
                    modifier = Modifier
                        .padding(16.dp)
                        .fillMaxWidth(),
                    backgroundColor = AzulOscuro,
                    shape = RoundedCornerShape(16.dp)
                )</historyEntry>
        <historyEntry timestamp="1730883067520">Necesito hacer un preview de esta funcion kotlin:
@Composable
fun ProfileView(
    dataRepository: DataRepository ,
    navTo: NavHostController,
) {
    val miUsuario by dataRepository.usuario.observeAsState()
    var showDialog by remember { mutableStateOf(false) }
    var newName by remember { mutableStateOf(&quot;&quot;) }

    LaunchedEffect(Unit) {
        dataRepository.cargarUsuario()
    }

    Scaffold(bottomBar = { BottomNavigationBar(navController = navTo) }) { innerPadding -&gt;
        Column(
            modifier = Modifier
                .padding(innerPadding)
                .background(ColorDeFondo)
                .fillMaxSize(),
            horizontalAlignment = Alignment.CenterHorizontally
        ) {
            Row(verticalAlignment = Alignment.CenterVertically) {
                Text(text = miUsuario?.name ?: &quot;Nombre no disponible&quot;)
                Spacer(modifier = Modifier.width(8.dp))
                IconButton(onClick = { showDialog = true }) {
                    Icon(imageVector = Icons.Filled.Edit, contentDescription = &quot;Editar nombre&quot;)
                }
                FotoPerfil()
            }

            // Dialogo para editar el nombre
            if (showDialog) {
                AlertDialog(
                    onDismissRequest = { showDialog = false },
                    title = { Text(&quot;Editar nombre&quot;) },
                    text = {
                        OutlinedTextField(
                            value = newName,
                            onValueChange = { newName = it },
                            label = { Text(&quot;Nuevo nombre&quot;) }
                        )
                    },
                    confirmButton = {
                        Button(
                            onClick = {
                                if (newName.isNotBlank()) {
                                    dataRepository.actualizarNombreUsuario(newName)
                                    newName = &quot;&quot;
                                    showDialog = false
                                }
                            }
                        ) {
                            Text(&quot;Guardar&quot;)
                        }
                    },
                    dismissButton = {
                        Button(
                            onClick = { showDialog = false }
                        ) {
                            Text(&quot;Cancelar&quot;)
                        }
                    }
                )
            }

            Spacer(modifier = Modifier.weight(1f))
            Column(
                modifier = Modifier.padding(90.dp, 5.dp),
                horizontalAlignment = Alignment.CenterHorizontally
            ) {

                Text(text = &quot;Nombre: ${miUsuario?.name ?: &quot;Nombre no disponible&quot;}&quot;) // Manejo de caso nulo
                Text(text = &quot;UID: ${miUsuario?.uid ?: &quot;UID no disponible&quot;}&quot;) // Manejo de caso nulo
                Text(text = &quot;Correo: ${miUsuario?.email ?: &quot;Correo no disponible&quot;}&quot;) // Manejo de caso nulo
                Text(text = &quot;Tipo: ${miUsuario?.type?.name ?: &quot;Tipo no disponible&quot;}&quot;) // Manejo de caso nulo

                Spacer(modifier = Modifier.weight(1f))
                StandardButton(
                    text = &quot;Cerrar Sesión&quot;,
                    icon = Icons.AutoMirrored.Filled.ExitToApp,
                    onClick = {
                        dataRepository.cerrarSesion()
                        navTo.navigate(&quot;StartView&quot;)
                    })
                StandardButton(
                    text = &quot;Borrar Cuenta&quot;,
                    icon = Icons.Filled.DeleteForever,
                    onClick = {
                        dataRepository.eliminarCuenta()
                        navTo.navigate(&quot;StartView&quot;)
                    })
            }
        }
    }
}</historyEntry>
        <historyEntry timestamp="1730880885139">val usuario = dataRepository.obtenerUsuarioActual().value!!
Que son los signos de escalamcion al final de la sentencia ?</historyEntry>
        <historyEntry timestamp="1730879291168">Dime que filtro puedo usar en Logcat de Android Studio</historyEntry>
        <historyEntry timestamp="1730878238910">Esta es la llamada de una funcion que usa unSucces
dataRepository.iniciarSesion(email, password, onSuccess = {
                        navToHome()
                    }, onError = {
                        errorMessage = &quot;Error al iniciar sesión&quot;
                    })
Explica me como funciona y como gestiana esto la funciona llamada</historyEntry>
        <historyEntry timestamp="1730878068703">Explica me como funciona onSucces, y porq deberia de usarlo</historyEntry>
        <historyEntry timestamp="1730877896207">Eres un programador senior en Kotlin especializado en Android Studio y Firebase, experto en Jetpack Compose y arquitectura MVVM. Primero, estudiarás el código completo que te proporcionaré para aprender su estructura y características, y luego trabajaremos sobre él según mis indicaciones específicas (&quot;comenta el código&quot;, &quot;explica el código&quot;, &quot;genera el código&quot;, etc.). Te enfocarás en implementar buenas prácticas en estructuración de datos y siguiendo los principios de MVVM. Cuando realices cambios, describe detalladamente cada modificación en lenguaje coloquial, indicando el motivo de cada ajuste. Las explicaciones deben ser breves y concisas, salvo que solicite lo contrario. Todo debe estar en español.</historyEntry>
        <historyEntry timestamp="1730834743156">Eres un programador senior en Kotlin especializado en Android Studio y Firebase, experto en Jetpack Compose y arquitectura MVVM. Primero, estudiarás el código completo que te proporcionaré para aprender su estructura y características, y luego trabajaremos sobre él según mis indicaciones específicas (&quot;comenta el código&quot;, &quot;explica el código&quot;, &quot;genera el código&quot;, etc.). Te enfocarás en implementar buenas prácticas en estructuración de datos y siguiendo los principios de MVVM. Cuando realices cambios, describe detalladamente cada modificación en lenguaje coloquial, indicando el motivo de cada ajuste. Las explicaciones deben ser breves y concisas, salvo que solicite lo contrario. Todo debe estar en español.</historyEntry>
      </list>
    </option>
  </component>
</application>