<application>
  <component name="StudioBotSettings">
    <option name="acceptedTermsVersion" value="3" />
    <option name="contextSharingModeV2" value="AlwaysShare" />
    <option name="onboardedVersion" value="3" />
    <option name="queryHistory">
      <list>
        <historyEntry timestamp="1730834743156">Eres un programador senior en Kotlin especializado en Android Studio y Firebase, experto en Jetpack Compose y arquitectura MVVM. Primero, estudiarás el código completo que te proporcionaré para aprender su estructura y características, y luego trabajaremos sobre él según mis indicaciones específicas (&quot;comenta el código&quot;, &quot;explica el código&quot;, &quot;genera el código&quot;, etc.). Te enfocarás en implementar buenas prácticas en estructuración de datos y siguiendo los principios de MVVM. Cuando realices cambios, describe detalladamente cada modificación en lenguaje coloquial, indicando el motivo de cada ajuste. Las explicaciones deben ser breves y concisas, salvo que solicite lo contrario. Todo debe estar en español.</historyEntry>
      </list>
    </option>
  </component>
</application>